Name	Count	set_code
Fencing Ace	1	A25
Accumulated Knowledge	1	A25
Exclude	1	A25
Sift	1	A25
Horror of the Broken Lands	1	A25
Street Wraith	1	A25
Hordeling Outburst	1	A25
Jackal Pup	1	A25
Kindle	1	A25
Trumpet Blast	1	A25
Ember Weaver	1	A25
Woolly Loxodon	1	A25
Shadowmage Infiltrator	1	A25
Primal Clay	1	A25
Flooded Grove	1	A25
Duskborne Skymarcher	1	XLN
Looming Altisaur	1	XLN
Pious Interdiction	1	XLN
Queen's Commission	1	XLN
Shining Aerosaur	1	XLN
Dive Down	1	XLN
Sailor of Means	1	XLN
Siren Lookout	1	XLN
Spell Pierce	1	XLN
Storm Fleet Aerialist	1	XLN
Watertrap Weaver	1	XLN
Bloodcrazed Paladin	1	XLN
Deadeye Tormentor	1	XLN
March of the Drowned	1	XLN
Headstrong Brute	1	XLN
Makeshift Munitions	1	XLN
Rile	1	XLN
Sun-Crowned Hunters	1	XLN
Sure Strike	1	XLN
Tilonalli's Knight	1	XLN
Colossal Dreadmaw	1	XLN
Spike-Tailed Ceratops	1	XLN
Gilded Sentinel	1	XLN
Prying Blade	1	XLN
Sentinel Totem	1	XLN
Sleek Schooner	1	XLN
Vanquisher's Banner	1	XLN
